Employee_ID,Age,Gender,Shift_Type,Daily_Wages,Overtime_Hours,Distance_From_Home,Work_Experience,Attendance_Rate,Satisfaction_Score,Physical_Fatigue_Level,Attrition
1001,56,Male,Morning,882,8,49,1,70.97167413327985,3,5,No
1002,46,Male,Morning,510,12,41,22,80.07530461117948,1,3,Yes
1003,32,Female,Evening,538,13,9,38,85.41599577139814,5,2,No
1004,25,Male,Morning,834,9,23,39,93.89934607045414,5,3,No
1005,38,Male,Morning,908,5,10,38,80.13944651409508,5,2,No
1006,56,Male,Evening,672,15,19,20,91.1647007401935,5,5,No
1007,36,Female,Evening,498,5,47,22,75.62513371356941,2,4,No
1008,40,Male,Evening,1163,16,5,28,92.5179537023238,3,2,No
1009,28,Female,Morning,503,9,47,13,77.07989817727713,5,4,No
1010,28,Female,Night,613,17,23,25,74.30634267831304,5,4,No
1011,41,Male,Night,1160,17,30,4,75.56226551122163,4,2,Yes
1012,53,Male,Evening,1063,2,25,30,75.46189386645567,3,5,No
1013,57,Male,Night,1161,19,28,24,85.38588638130973,1,1,Yes
1014,41,Male,Evening,1186,14,34,30,95.34392743564439,3,4,No
1015,20,Male,Morning,564,14,45,19,72.38815230977517,3,4,Yes
1016,39,Female,Night,919,3,48,16,91.20868955480267,3,5,No
1017,19,Male,Morning,683,8,47,1,89.63039378958572,5,5,No
1018,41,Male,Night,916,18,25,24,96.17559855488088,5,3,No
1019,47,Male,Morning,1056,16,10,12,77.32442681520722,2,5,Yes
1020,55,Female,Night,1012,10,14,38,83.50329576055088,1,4,Yes
1021,19,Male,Morning,563,8,42,27,97.77482123330552,4,2,No
1022,38,Male,Morning,1058,9,46,5,89.79980350405951,3,1,No
1023,50,Female,Night,463,17,30,2,81.6630523858479,1,3,Yes
1024,29,Female,Morning,490,19,41,34,73.94237148565806,1,2,Yes
1025,39,Male,Morning,516,12,25,17,77.87455023701773,2,1,No
1026,42,Male,Morning,666,7,14,10,87.4364643246815,4,1,No
1027,44,Female,Night,1084,6,35,19,91.54503842681541,3,1,No
1028,59,Male,Night,958,16,48,4,73.7326566055568,4,2,Yes
1029,45,Male,Morning,539,14,34,18,87.98791780132163,2,3,Yes
1030,33,Male,Morning,645,19,10,21,86.51053836516253,5,3,No
1031,32,Male,Night,1060,14,35,18,85.41866340072124,1,1,Yes
1032,20,Female,Night,1157,0,11,15,90.70369353046024,3,2,No
1033,54,Female,Morning,794,13,11,23,95.12348785250386,5,1,No
1034,24,Male,Morning,886,4,21,3,79.68969049530605,2,5,No
1035,38,Male,Morning,875,10,21,14,96.67036570332878,4,3,No
1036,26,Male,Evening,916,15,22,24,74.81900837855652,1,4,Yes
1037,56,Male,Night,583,1,45,34,75.19071609253493,3,1,No
1038,35,Female,Evening,419,7,7,13,78.00316190871771,5,5,No
1039,21,Male,Night,957,10,17,18,73.58592608641233,5,3,No
1040,42,Male,Night,923,17,2,37,76.90957674048633,1,2,Yes
1041,31,Male,Night,981,2,12,35,73.19235288708533,4,3,No
1042,26,Male,Night,928,0,42,6,94.65257250956171,2,2,No
1043,43,Male,Night,546,10,18,29,74.16906975659873,4,2,No
1044,19,Female,Night,1065,15,11,18,92.4189267267957,4,1,No
1045,37,Male,Night,703,17,16,24,71.43741603740001,4,1,Yes
1046,45,Female,Evening,1019,15,49,15,98.45560982541745,1,3,Yes
1047,24,Male,Morning,1147,9,18,39,91.33480262583299,1,5,No
1048,25,Male,Morning,981,17,35,7,70.20389645758335,2,3,Yes
1049,52,Male,Evening,1094,5,26,17,92.91569500600642,4,4,No
1050,31,Female,Evening,1161,18,16,27,85.42245762298556,1,2,Yes
1051,34,Female,Evening,627,3,6,15,93.38095511005359,2,2,No
1052,53,Male,Evening,501,12,44,18,85.67490426671765,2,1,No
1053,57,Male,Night,986,13,43,16,89.23074572906064,4,5,No
1054,21,Female,Morning,816,2,47,12,93.58994966185122,3,1,No
1055,19,Male,Night,615,9,47,6,82.1532416376357,4,4,No
1056,23,Male,Morning,806,5,48,26,70.08124449461356,3,3,No
1057,59,Female,Morning,798,0,42,9,95.49839487835565,2,3,No
1058,21,Male,Evening,1114,13,12,33,81.42671087873988,1,5,Yes
1059,46,Male,Night,1103,7,13,35,84.88128178049749,5,1,No
1060,35,Male,Evening,1160,18,4,24,70.23299926461907,2,1,Yes
1061,43,Male,Night,898,13,39,5,84.76276031050294,1,4,Yes
1062,51,Male,Morning,1153,9,2,23,99.59462204715189,2,3,No
1063,27,Female,Evening,864,16,26,17,78.34802982456308,4,1,No
1064,53,Male,Evening,1090,8,27,22,81.86254810727134,3,5,No
1065,31,Male,Morning,1130,5,27,5,90.6156998940603,2,3,No
1066,48,Male,Morning,481,10,15,28,94.44381002570975,1,4,No
1067,32,Male,Morning,1003,6,8,24,82.52174872018301,4,5,No
1068,25,Female,Evening,1086,16,7,16,79.29006611203877,5,2,No
1069,31,Male,Night,1150,0,47,23,98.13477399955201,4,4,No
1070,40,Male,Evening,1171,4,46,10,90.31434900015007,3,5,No
1071,57,Female,Night,764,8,40,25,73.57063913479423,4,1,No
1072,38,Male,Evening,562,17,12,33,72.06783634403946,5,2,No
1073,33,Male,Evening,447,1,13,27,84.50649552371107,1,4,No
1074,35,Male,Morning,910,10,43,2,76.60270198141818,2,1,No
1075,41,Male,Night,728,5,17,10,77.6195426012876,3,2,No
1076,43,Male,Evening,515,7,17,37,96.33076536483544,5,3,No
1077,42,Male,Evening,736,3,36,13,72.68698072948932,3,1,No
1078,58,Female,Morning,1136,17,21,25,91.46092345686668,4,5,No
1079,46,Male,Morning,546,10,8,20,78.13426760141765,3,4,No
1080,32,Male,Night,974,4,5,38,92.80984664212413,5,2,No
1081,18,Male,Evening,722,14,26,29,91.67234153390633,2,1,No
1082,42,Male,Night,842,17,16,7,70.2217570433288,2,3,Yes
1083,24,Female,Evening,412,1,36,19,85.27406238764797,3,4,No
1084,26,Male,Night,893,10,28,31,74.17958447134139,1,4,Yes
1085,41,Male,Morning,1100,12,29,21,95.9868109173603,3,1,No
1086,18,Female,Evening,686,3,47,6,96.1475764858722,4,3,No
1087,25,Male,Night,1119,6,12,8,82.55037422481274,2,2,Yes
1088,41,Male,Morning,513,10,37,0,83.33186855353242,2,1,No
1089,28,Male,Morning,879,3,30,28,79.09848818213581,2,2,No
1090,34,Male,Night,421,14,23,7,91.49818896880093,1,4,Yes
1091,25,Female,Evening,748,0,16,3,80.75984089079377,1,2,No
1092,52,Male,Evening,1125,2,14,34,78.03377423567902,5,3,No
1093,52,Male,Morning,1082,13,10,2,82.96693178513524,3,5,No
1094,50,Male,Evening,965,5,7,39,72.74462555162376,3,3,No
1095,22,Female,Evening,719,17,45,6,92.39809613932611,4,2,No
1096,59,Male,Evening,525,0,37,26,70.3778920381536,2,1,No
1097,56,Female,Morning,676,5,29,0,89.33455184561782,1,4,No
1098,58,Male,Night,603,5,3,26,75.48593580264617,4,5,No
1099,45,Female,Evening,593,15,15,15,76.97212138643239,4,1,No
1100,24,Female,Morning,1080,4,36,37,89.0689599592012,1,1,No
1101,26,Female,Morning,1063,16,47,6,99.78830397348722,3,3,No
1102,25,Female,Night,946,9,46,22,93.33152467217653,2,2,No
1103,29,Male,Evening,1095,17,19,10,76.77518896670176,3,3,No
1104,51,Male,Evening,685,6,13,32,75.28074265123402,4,2,No
1105,50,Male,Night,456,2,42,35,95.98698610803011,2,3,No
1106,40,Male,Night,1133,12,21,36,83.32551843764513,5,1,No
1107,41,Male,Morning,702,14,37,16,74.11158408484467,4,4,No
1108,54,Male,Morning,562,19,27,34,95.86634269965815,3,2,No
1109,52,Male,Night,418,18,29,4,94.48277058742784,3,5,No
1110,57,Male,Evening,769,2,20,31,99.5171909169149,3,5,No
1111,39,Female,Morning,663,3,25,2,97.29231060138052,1,1,No
1112,44,Male,Morning,1193,4,6,34,95.55371015981625,4,3,No
1113,52,Female,Evening,512,0,36,13,71.5772319343301,2,3,No
1114,18,Female,Morning,887,3,2,30,73.13246108494354,3,1,No
1115,52,Female,Evening,726,11,22,30,87.06949582912368,3,5,No
1116,54,Male,Evening,941,9,32,16,85.94437738845463,1,5,No
1117,31,Female,Evening,1046,19,16,23,83.73889643468607,2,3,Yes
1118,20,Female,Night,978,12,18,22,81.90367976243752,4,2,No
1119,18,Female,Night,464,13,5,17,82.93631454592986,5,4,No
1120,22,Male,Night,691,4,36,13,87.07893802404385,1,2,Yes
1121,43,Male,Evening,424,3,30,14,70.06229552800244,4,5,No
1122,31,Male,Evening,948,13,45,14,77.82126322398557,5,2,No
1123,56,Male,Night,400,9,19,5,85.54839162066133,3,4,No
1124,44,Male,Morning,948,16,23,26,91.66648296020938,3,2,No
1125,26,Female,Evening,540,9,34,14,75.22470077186189,2,2,No
1126,32,Female,Morning,1143,6,13,35,86.40643521362298,5,2,No
1127,32,Male,Morning,1047,15,43,7,91.43379051657345,3,2,No
1128,43,Female,Evening,587,0,29,14,83.33882973741714,3,1,No
1129,59,Male,Evening,527,16,36,2,70.81243401010153,2,5,Yes
1130,30,Female,Morning,600,8,22,12,83.4780447539691,4,4,No
1131,49,Female,Morning,526,5,47,33,78.8933466323246,3,5,No
1132,56,Male,Night,656,18,36,23,97.88948823103985,1,1,Yes
1133,49,Male,Night,1075,12,9,39,73.73840157034982,1,1,Yes
1134,21,Female,Evening,946,2,39,31,89.57427866521697,4,1,No
1135,47,Male,Night,593,6,19,31,71.58159299003503,5,1,No
1136,54,Male,Night,1102,8,38,29,83.3851131343809,2,2,Yes
1137,40,Female,Night,503,4,6,12,86.61938461660242,1,5,No
1138,56,Male,Night,934,9,47,0,78.93864793950597,1,3,Yes
1139,32,Female,Morning,664,16,15,33,83.65226906561153,4,4,No
1140,46,Male,Evening,783,11,20,14,74.90661383590562,5,1,No
1141,53,Female,Night,659,15,9,13,79.12371548404109,5,5,No
1142,30,Male,Morning,813,2,32,28,88.63318974730609,4,1,No
1143,49,Female,Morning,757,8,4,33,79.05400167583466,1,1,No
1144,24,Female,Morning,474,14,18,17,96.99229235226615,2,1,No
1145,39,Male,Night,754,4,5,6,88.85220872922969,1,1,No
1146,45,Male,Night,983,12,20,28,83.15947055307953,5,1,No
1147,19,Female,Evening,1170,13,23,30,71.16270806662547,1,4,Yes
1148,59,Male,Night,587,19,11,24,84.98645005614014,2,5,Yes
1149,23,Male,Night,1084,14,37,37,92.94328726375268,3,1,Yes
1150,45,Male,Morning,689,15,22,13,77.96672794037241,1,1,Yes
1151,45,Male,Evening,444,12,4,7,94.20320708946302,4,1,No
1152,37,Female,Night,972,16,29,26,77.55420298152644,3,1,Yes
1153,47,Male,Night,482,7,44,1,94.71239163852401,4,2,No
1154,28,Male,Morning,522,1,34,16,72.55805024835033,4,2,No
1155,45,Male,Morning,757,4,13,36,95.98551126607089,4,3,No
1156,42,Male,Night,927,5,42,13,84.97559352799992,1,1,Yes
1157,56,Male,Evening,465,11,9,24,78.89612768860786,5,3,No
1158,50,Male,Evening,1056,17,42,29,77.95339751245446,3,4,Yes
1159,18,Female,Morning,774,0,31,28,82.96031676791088,2,3,No
1160,44,Male,Morning,561,16,7,19,99.97148494310935,5,5,No
1161,30,Male,Night,1145,10,4,20,76.60982180312747,1,2,Yes
1162,58,Female,Morning,779,9,19,21,73.09649946636999,4,2,No
1163,20,Male,Night,1055,18,42,34,87.55105506155985,2,1,Yes
1164,56,Female,Evening,757,13,30,36,84.65627399320772,3,1,No
1165,23,Male,Evening,587,9,31,15,85.72588813189923,5,4,No
1166,25,Male,Night,721,14,35,16,90.00806252671651,5,4,No
1167,44,Male,Morning,849,18,21,15,78.01432209611949,2,5,Yes
1168,26,Male,Evening,873,3,31,1,97.31994986151665,1,1,No
1169,54,Female,Morning,412,1,19,3,83.07016198366871,3,1,No
1170,50,Male,Evening,583,8,31,20,73.87258585427385,2,4,No
1171,59,Male,Night,510,9,32,38,92.26896270201833,4,4,No
1172,41,Male,Night,907,10,2,33,89.29313057853551,3,4,No
1173,32,Male,Night,689,13,10,29,79.47230207452111,5,2,No
1174,49,Female,Evening,694,6,2,5,88.64556172102145,2,3,No
1175,49,Male,Morning,850,14,2,16,76.59585869106931,5,3,No
1176,41,Male,Morning,614,18,24,38,83.34518078021588,5,1,No
1177,58,Male,Morning,1031,14,17,24,96.98237566501976,5,2,No
1178,29,Male,Evening,966,7,32,4,74.00602699482248,1,4,Yes
1179,56,Female,Evening,426,10,16,4,81.60089349962387,5,1,No
1180,19,Male,Evening,1029,8,16,19,94.63427274161042,4,2,No
1181,20,Female,Evening,1132,14,46,15,99.08472698218534,4,5,No
1182,54,Male,Evening,630,0,39,36,83.61778409265388,3,2,No
1183,34,Male,Morning,964,0,31,39,85.20998860430042,5,1,No
1184,19,Female,Evening,720,18,43,8,87.16515885351309,5,3,No
1185,19,Male,Evening,632,2,24,4,97.97044424901132,2,4,No
1186,45,Male,Morning,1069,9,1,1,95.74620372931089,1,5,No
1187,40,Female,Evening,836,7,11,8,75.11803373864933,3,2,No
1188,54,Male,Morning,1180,14,21,35,83.10273453541225,5,1,No
1189,49,Female,Morning,932,9,4,21,83.92001284589278,2,1,No
1190,50,Male,Night,802,0,7,21,93.6728833494627,1,4,No
1191,18,Female,Night,452,17,26,21,88.08678647816306,3,1,No
1192,36,Female,Night,1186,1,47,33,89.62661386087039,3,1,No
1193,19,Male,Night,712,18,12,28,99.94599722996853,5,4,No
1194,43,Female,Evening,680,12,31,37,72.2488013041004,3,5,No
1195,49,Male,Night,1125,0,17,32,76.690294706012,2,3,Yes
1196,23,Female,Morning,430,1,33,17,82.2368781211464,3,3,No
1197,49,Male,Evening,736,15,11,6,80.43347209146661,4,2,No
1198,21,Male,Night,582,14,28,0,70.64936684040951,2,5,Yes
1199,28,Male,Morning,422,12,32,32,72.75332819413528,1,2,Yes
1200,34,Male,Evening,943,15,1,0,90.42859874210728,1,3,Yes
1201,55,Male,Evening,845,16,47,23,96.37973390087681,5,4,No
1202,41,Female,Night,473,6,28,3,85.42681033797933,5,1,No
1203,22,Female,Evening,409,16,42,3,86.17573238540899,4,3,No
1204,51,Female,Morning,883,6,7,17,77.65280298497139,1,5,No
1205,23,Male,Evening,855,12,2,26,93.03629090901134,1,3,No
1206,39,Male,Morning,965,4,42,31,92.55383762101769,1,5,No
1207,28,Male,Evening,963,16,24,32,87.6509706765297,1,5,Yes
1208,33,Male,Night,1059,2,4,27,76.37992859534029,3,5,No
1209,50,Male,Morning,559,6,44,35,72.91054654711269,2,2,No
1210,26,Male,Evening,413,16,19,5,71.92715727571378,2,4,Yes
1211,23,Female,Evening,577,6,26,15,87.78088199928634,4,3,No
1212,33,Male,Evening,811,0,11,33,94.751059574284,3,4,No
1213,46,Male,Morning,452,16,40,22,95.74991295342775,1,1,Yes
1214,20,Male,Morning,807,16,43,23,83.90866223030349,1,3,Yes
1215,37,Male,Morning,421,10,11,12,93.52813897920151,5,4,No
1216,53,Male,Night,429,2,45,17,98.4064058902307,5,4,No
1217,36,Female,Night,1102,14,3,12,78.25510337464203,4,1,Yes
1218,43,Male,Morning,659,10,12,36,81.93881039142272,1,5,No
1219,20,Male,Evening,604,15,3,38,97.94436977790042,4,3,No
1220,36,Male,Night,458,8,42,16,80.14692901951855,3,3,No
1221,37,Female,Morning,870,0,27,14,97.41628870965388,2,1,No
1222,49,Female,Evening,1175,15,49,17,99.43134586763398,1,5,Yes
1223,24,Female,Night,865,8,2,22,89.85432185723275,3,3,No
1224,58,Male,Evening,411,18,49,29,94.50670868512505,1,3,Yes
1225,50,Male,Evening,1030,11,16,33,92.48636692663256,5,3,No
1226,57,Male,Evening,689,18,2,3,90.98602772846571,4,5,No
1227,56,Female,Evening,1159,8,30,2,79.20793218943697,5,1,No
1228,35,Female,Night,753,6,20,6,71.71283013723831,2,3,Yes
1229,57,Male,Night,1038,13,38,17,80.29155197558951,5,4,No
1230,18,Female,Night,474,18,28,6,90.0080795561172,1,5,Yes
1231,28,Female,Morning,1115,18,25,39,73.07587594683405,5,2,No
1232,45,Male,Night,960,1,32,5,70.35753948934726,1,1,Yes
1233,42,Female,Evening,990,8,10,21,74.19077117808816,2,4,No
1234,40,Female,Night,840,12,42,0,91.47207779232386,5,3,No
1235,48,Male,Evening,640,14,40,3,99.18381104969332,4,2,No
1236,47,Male,Morning,553,2,33,28,99.49194098844461,4,1,No
1237,59,Male,Evening,1185,10,13,20,84.81937447420563,4,5,No
1238,52,Male,Evening,495,13,41,25,96.08056902977043,5,2,No
1239,24,Male,Evening,1125,7,42,13,92.10479367254513,5,2,No
1240,33,Male,Morning,693,17,47,8,85.0312071095381,5,4,No
1241,43,Female,Night,608,18,37,11,87.1828159886526,1,1,Yes
1242,19,Male,Night,742,15,16,5,74.11681439850614,2,4,Yes
1243,18,Male,Morning,487,1,45,19,98.12984381849776,4,4,No
1244,29,Male,Evening,1175,7,22,23,80.5578931219533,1,3,No
1245,22,Male,Night,789,5,20,26,83.38447769371508,4,5,No
1246,54,Female,Morning,724,11,43,37,90.14980692993696,1,2,No
1247,49,Male,Night,556,14,27,7,80.01707414579661,5,1,No
1248,26,Male,Morning,1067,7,41,0,77.62777482966791,4,5,No
1249,58,Male,Evening,1050,3,16,23,88.93148179810662,5,5,No
1250,52,Female,Night,1032,14,34,6,70.74952246845548,4,1,Yes
1251,36,Female,Morning,976,19,32,18,91.62175336080037,3,5,No
1252,33,Male,Night,1018,16,26,21,85.42070109629529,1,3,Yes
1253,20,Male,Night,1058,12,25,34,88.17261191562804,3,5,No
1254,37,Male,Night,536,17,2,29,88.95640477740656,1,3,Yes
1255,41,Male,Night,1073,1,12,28,85.81150469477691,2,2,No
1256,50,Male,Morning,827,12,40,21,87.47601332322208,4,2,No
1257,41,Male,Evening,851,12,9,10,90.51364602669624,2,4,No
1258,28,Male,Morning,1011,14,12,19,92.59356541539023,2,3,No
1259,25,Male,Morning,540,19,26,28,91.82357173858361,1,2,Yes
1260,53,Female,Morning,482,9,9,33,96.08849373196784,3,5,No
1261,55,Male,Evening,576,2,10,0,75.68330299502209,5,1,No
1262,57,Male,Night,597,18,32,30,82.03443908475393,1,1,Yes
1263,37,Male,Night,1023,2,34,29,98.43388198043371,5,3,No
1264,52,Male,Night,967,13,48,17,81.8977172315899,2,4,Yes
1265,42,Female,Evening,1090,7,20,16,73.74610230717768,5,5,No
1266,52,Male,Night,820,3,39,37,85.76335379086538,3,3,No
1267,42,Male,Evening,800,19,2,13,73.28472917663386,1,1,Yes
1268,46,Female,Night,1097,10,1,22,76.08559716183595,3,3,No
1269,35,Male,Night,870,10,36,24,99.9495626971287,3,5,No
1270,35,Male,Morning,617,10,24,14,86.24087915188396,1,2,No
1271,19,Female,Evening,1128,1,27,21,78.52175167121287,3,5,No
1272,52,Male,Morning,1031,16,2,2,99.84324863721719,4,2,No
1273,33,Male,Morning,574,8,31,18,98.99676755665429,4,2,No
1274,58,Female,Morning,422,1,14,33,83.2221712325279,4,2,No
1275,53,Male,Evening,1124,14,2,34,77.81209326363725,5,3,No
1276,50,Male,Evening,634,15,29,0,95.1519891427657,3,1,No
1277,21,Male,Night,412,3,15,20,91.46862150915356,1,3,No
1278,50,Female,Morning,500,7,12,28,90.60824305010532,1,1,No
1279,31,Male,Night,935,8,37,5,96.79341223967418,5,5,No
1280,38,Male,Morning,922,4,28,36,90.68251401613973,1,4,No
1281,37,Male,Evening,1184,15,20,0,78.51393829124648,4,5,No
1282,25,Male,Evening,851,12,39,0,90.81589485627197,3,3,No
1283,24,Male,Evening,830,6,24,26,79.17440533850991,1,3,No
1284,20,Male,Morning,1192,19,21,20,92.77716938970985,1,1,Yes
1285,34,Male,Evening,1005,16,10,15,88.59243563474698,2,3,No
1286,50,Male,Morning,1112,2,46,39,72.32234655954252,2,2,No
1287,29,Male,Night,932,4,14,25,85.38506087305426,2,3,No
1288,39,Male,Morning,1122,18,37,15,80.29902907587223,3,1,Yes
1289,39,Male,Night,1051,11,18,27,79.85711898196882,4,1,No
1290,47,Male,Morning,692,6,24,0,88.06768907131772,4,2,No
1291,55,Female,Night,500,8,14,35,79.66974473408274,4,1,No
1292,55,Male,Evening,901,5,34,9,93.30681244614618,3,4,No
1293,25,Male,Night,703,16,12,16,72.12374308033523,3,5,Yes
1294,44,Male,Evening,939,15,22,22,89.81164757187476,2,3,No
1295,44,Female,Evening,952,2,6,6,94.27584410970223,1,4,No
1296,51,Female,Night,754,3,36,6,90.1849506976129,5,3,No
1297,38,Male,Morning,702,9,45,14,84.91687585059987,5,4,No
1298,47,Male,Morning,895,4,36,33,98.50921041208544,1,3,No
1299,50,Female,Morning,1057,9,22,3,78.99815469394191,2,2,No
1300,45,Male,Morning,1167,11,14,13,70.57503662574933,1,1,No
1301,50,Male,Morning,626,9,16,13,82.95968114390323,1,1,No
1302,22,Male,Evening,635,12,36,15,70.99035807700982,5,2,No
1303,36,Male,Morning,854,10,25,6,98.61810257579226,2,4,No
1304,21,Female,Evening,412,15,32,31,76.29754137244154,3,5,Yes
1305,52,Female,Evening,609,7,33,18,93.66781071846638,5,4,No
1306,34,Male,Evening,1140,7,45,1,93.23716249523095,3,1,No
1307,45,Male,Night,796,7,36,9,76.531866990488,2,5,Yes
1308,47,Female,Night,499,12,20,16,88.63679591440501,1,3,No
1309,46,Female,Evening,430,1,18,36,71.44236905459351,4,5,No
1310,23,Male,Night,927,11,38,11,84.50723757111602,4,4,No
1311,52,Female,Morning,1048,9,3,5,70.4394138181746,2,2,No
1312,58,Female,Morning,728,11,23,21,97.63431640542525,4,3,No
1313,54,Female,Evening,565,10,32,31,99.28258072598715,3,4,No
1314,41,Male,Morning,858,14,45,19,76.66848299915756,4,3,No
1315,46,Male,Evening,499,15,16,0,76.24318103789119,2,5,Yes
1316,48,Female,Evening,1020,16,5,5,92.61160529686389,2,1,No
1317,52,Male,Morning,572,1,4,18,77.60138196488003,3,4,No
1318,50,Female,Night,1148,17,21,17,96.85229677485535,4,2,No
1319,38,Male,Morning,561,11,40,5,87.21787408368947,4,5,No
1320,49,Male,Morning,1127,18,14,32,80.52332869030937,1,4,Yes
1321,40,Male,Evening,1175,17,39,22,94.9808123904826,5,2,No
1322,50,Male,Evening,662,16,31,22,84.80220101240185,2,4,Yes
1323,20,Female,Evening,673,5,14,25,97.34898741125427,1,5,No
1324,35,Female,Evening,402,14,6,12,97.84042710188143,2,4,No
1325,42,Female,Night,427,2,12,6,74.96260456385228,1,3,Yes
1326,59,Male,Night,725,5,16,14,70.06970218395792,5,5,No
1327,48,Male,Night,548,2,17,26,99.51792820427207,1,4,No
1328,20,Male,Evening,939,0,45,25,97.18412608382438,2,1,No
1329,57,Male,Evening,887,12,23,32,71.66335707111524,4,4,No
1330,41,Male,Evening,837,13,14,14,94.9910279182321,2,3,No
1331,49,Male,Night,464,12,7,35,83.7341479767762,3,2,No
1332,39,Male,Evening,755,3,46,26,77.76884815074925,3,2,No
1333,40,Male,Morning,932,6,32,4,96.3623957103079,3,2,No
1334,19,Female,Morning,651,9,15,1,75.90001697170922,3,1,No
1335,44,Female,Evening,634,6,44,32,98.418999982602,5,3,No
1336,59,Male,Morning,626,14,17,15,76.16864463098022,4,5,No
1337,19,Male,Morning,924,14,41,22,88.4104956318623,4,2,No
1338,43,Female,Night,712,3,47,37,76.69259003586924,2,3,Yes
1339,34,Male,Evening,448,5,44,15,86.37005994905904,1,4,No
1340,57,Female,Evening,517,19,34,13,90.51925389745423,2,1,Yes
1341,50,Female,Night,453,4,5,28,75.70683792460413,2,3,Yes
1342,26,Male,Morning,1049,19,45,25,85.62657348102037,2,3,Yes
1343,56,Male,Morning,964,11,27,34,84.07179233170356,2,5,No
1344,46,Male,Evening,443,0,23,14,72.13112264210024,4,3,No
1345,59,Male,Morning,452,7,40,2,94.54923453025908,1,5,No
1346,43,Male,Night,985,0,14,22,80.07047201928525,2,1,Yes
1347,52,Female,Night,957,4,15,28,87.23746592655638,4,1,No
1348,42,Male,Evening,924,5,43,33,85.44352704799402,2,4,No
1349,41,Male,Night,1076,2,33,32,85.39781513711327,3,5,No
1350,30,Female,Night,501,14,31,22,73.21667182625463,2,5,Yes
1351,24,Female,Evening,1191,4,35,6,82.70446027747998,2,2,No
1352,53,Male,Night,1169,13,17,2,83.5710027761971,5,2,No
1353,37,Male,Night,797,17,28,31,92.00928521093346,3,4,No
1354,18,Male,Night,537,15,19,30,95.20056495762095,1,1,Yes
1355,25,Male,Morning,1074,5,46,17,86.34946834300054,2,2,No
1356,33,Male,Evening,786,13,23,6,72.60348862194971,1,3,Yes
1357,31,Male,Evening,510,7,32,0,77.1054841178964,3,1,No
1358,29,Female,Evening,1013,6,40,13,74.94802080558193,2,3,No
1359,40,Male,Morning,416,7,13,31,73.73845189567375,5,5,No
1360,32,Female,Morning,1179,12,20,5,80.97697895853423,4,1,No
1361,45,Female,Evening,581,5,35,38,76.88180506463146,5,4,No
1362,51,Male,Morning,935,17,5,9,76.54909335434537,5,5,No
1363,19,Female,Evening,940,1,9,6,71.64079523728803,4,5,No
1364,49,Male,Morning,570,7,29,25,70.53010134386301,4,3,No
1365,40,Female,Night,808,10,6,33,73.08304727949346,4,5,No
1366,39,Male,Night,1139,0,25,29,75.165924382709,2,2,Yes
1367,42,Male,Evening,777,5,31,35,82.92951186544609,1,1,Yes
1368,39,Male,Morning,587,15,22,20,85.31560783896533,1,2,Yes
1369,39,Female,Morning,629,19,2,16,74.21775754520097,4,3,No
1370,59,Female,Night,518,11,45,32,82.74350024572558,5,3,No
1371,23,Male,Night,555,10,5,9,80.25246526977782,3,1,No
1372,32,Female,Morning,1183,9,27,11,75.50270930493868,4,5,No
1373,54,Male,Morning,1086,2,25,15,70.20522244445091,5,4,No
1374,50,Male,Morning,864,12,8,31,84.01053599565225,5,3,No
1375,25,Male,Morning,503,2,1,14,90.56955247795598,2,1,No
1376,22,Male,Morning,1003,14,20,26,76.78832002431422,2,4,Yes
1377,56,Male,Morning,1097,15,44,27,73.95420489690038,1,5,Yes
1378,21,Female,Evening,1194,12,23,16,96.61128233340885,1,3,No
1379,23,Male,Morning,901,16,32,1,78.25074317463394,3,1,Yes
1380,49,Male,Night,1092,2,11,35,76.70837859377994,3,1,No
1381,47,Male,Evening,1081,19,39,6,95.71290818829748,3,1,No
1382,52,Female,Morning,1098,10,47,12,94.51321297500283,3,3,No
1383,57,Female,Night,574,18,24,14,83.45039411573902,5,4,No
1384,33,Male,Evening,1133,10,11,24,84.67716584283323,5,1,No
1385,30,Female,Night,1144,15,29,22,76.53246114502066,1,5,Yes
1386,59,Male,Morning,1073,2,26,21,72.34905011438673,2,1,No
1387,47,Female,Morning,820,5,16,25,87.20295476066983,2,4,No
1388,36,Male,Morning,533,13,35,32,72.9503476477064,4,3,No
1389,34,Female,Morning,790,17,20,10,83.4782364086995,5,1,No
1390,36,Male,Evening,1135,16,46,9,98.21491595539032,3,1,No
1391,45,Male,Evening,900,3,3,24,98.58503167511753,3,5,No
1392,43,Female,Night,1064,14,1,36,77.17996859642076,4,5,Yes
1393,54,Male,Morning,432,10,47,37,88.72340260136963,2,1,No
1394,43,Male,Night,454,2,1,23,84.22228792323573,3,1,No
1395,40,Male,Evening,918,2,17,39,96.27055382758317,2,5,No
1396,26,Male,Morning,1155,15,2,32,78.1429259282816,4,4,No
1397,29,Male,Morning,1037,4,29,16,70.1110722049725,2,2,No
1398,18,Male,Evening,411,9,20,23,74.87683617794245,2,2,No
1399,18,Male,Evening,927,18,6,36,80.48568403508195,2,1,Yes
1400,51,Male,Evening,1119,3,8,1,79.47163389311466,3,5,No
1401,49,Female,Evening,954,18,29,31,93.74088757368658,1,3,Yes
1402,42,Male,Evening,772,10,48,23,90.41681998416513,5,3,No
1403,57,Male,Morning,883,1,33,8,78.98668958844692,2,2,No
1404,18,Male,Evening,1046,9,3,3,83.7323145149864,2,4,No
1405,33,Male,Morning,627,10,35,16,72.86677311875006,2,2,No
1406,56,Female,Morning,1022,19,5,16,96.94439334460301,1,1,Yes
1407,22,Male,Evening,706,15,27,29,98.06274473345603,4,4,No
1408,39,Male,Evening,856,18,44,39,99.39410606142815,3,3,No
1409,46,Female,Morning,559,10,12,10,96.05658492357513,1,5,No
1410,20,Female,Evening,730,13,20,20,75.21882663088677,2,5,Yes
1411,29,Male,Evening,1175,1,45,20,71.38589449604886,1,1,Yes
1412,43,Female,Evening,624,4,20,17,87.38790182238021,1,2,No
1413,33,Female,Night,1128,4,9,28,97.37815080649331,1,1,No
1414,54,Male,Morning,903,18,39,23,75.32054084979228,4,5,No
1415,39,Female,Night,855,11,4,9,70.21128743872426,5,3,No
1416,46,Female,Evening,444,17,19,16,94.16488138096733,3,5,No
1417,31,Male,Night,613,3,38,17,72.30387052860202,4,4,No
1418,45,Male,Evening,458,16,27,19,82.41118095730091,4,5,No
1419,22,Male,Night,1043,9,45,36,90.36662011566355,5,5,No
1420,47,Female,Evening,1015,19,43,17,77.1039275636854,4,4,No
1421,22,Female,Night,594,5,13,16,72.5188769034018,1,2,Yes
1422,29,Male,Night,888,13,13,8,93.10063685367486,1,5,Yes
1423,33,Male,Night,556,10,22,13,88.90525254661125,2,1,No
1424,43,Male,Morning,1009,10,28,28,99.65471453460414,4,5,No
1425,43,Male,Night,625,17,47,30,80.32924099959878,2,1,Yes
1426,38,Male,Morning,811,17,45,3,71.852871588706,3,4,Yes
1427,56,Male,Evening,604,10,22,17,92.03050106005887,1,5,No
1428,53,Female,Night,478,11,43,19,85.65200256559737,3,4,No
1429,50,Male,Evening,523,4,19,8,76.39611794167405,5,4,No
1430,47,Female,Evening,870,8,8,12,93.45186967014278,1,2,No
1431,54,Male,Night,617,8,8,14,76.11266457549831,3,5,No
1432,40,Male,Morning,915,9,42,26,77.8198496449881,5,1,No
1433,27,Male,Night,1001,18,26,14,72.77585663100157,3,1,Yes
1434,22,Male,Evening,503,0,48,27,81.98296837092563,5,5,No
1435,53,Female,Evening,792,6,26,36,82.56787671812256,5,2,No
1436,51,Male,Night,1030,3,23,18,85.43685371044896,1,2,No
1437,48,Female,Morning,1044,0,43,25,91.26892801371332,2,2,No
1438,27,Male,Morning,1007,14,13,25,97.18302786041278,5,1,No
1439,36,Female,Evening,833,7,28,24,74.13202296663425,5,4,No
1440,49,Male,Evening,730,11,9,25,71.63044295045971,1,2,No
1441,18,Female,Morning,542,17,20,25,70.55593700783,2,1,Yes
1442,22,Female,Night,1199,14,19,27,74.30864134206449,4,1,Yes
1443,21,Male,Evening,939,16,48,17,89.73848457344877,4,4,No
1444,33,Male,Morning,677,13,39,31,91.8243123398949,2,5,Yes
1445,41,Female,Evening,632,13,12,2,93.59517140584367,3,5,No
1446,33,Female,Night,928,17,15,1,77.31124635713027,1,2,Yes
1447,19,Male,Morning,970,19,31,32,79.1768443978456,2,2,Yes
1448,45,Female,Evening,489,17,14,18,84.49403936696498,4,4,No
1449,49,Female,Night,891,15,11,16,71.89549290580679,5,2,No
1450,44,Female,Evening,598,0,26,32,88.33424569633738,4,4,No
1451,37,Female,Night,761,10,42,11,99.51205101027273,5,1,No
1452,41,Female,Night,840,14,27,2,80.82418934134007,1,2,Yes
1453,29,Male,Morning,425,11,11,25,92.58542425274152,5,1,No
1454,52,Male,Night,424,7,38,34,85.00101746708825,2,3,No
1455,50,Male,Evening,793,19,34,7,73.83435533081148,5,4,No
1456,50,Female,Night,906,5,43,35,87.46712346407759,3,3,No
1457,54,Female,Night,700,2,19,6,78.99622805332194,2,2,Yes
1458,29,Male,Morning,738,12,6,35,71.03209625360375,1,1,No
1459,20,Female,Night,666,12,46,15,89.04789190353232,2,2,No
1460,18,Female,Night,860,1,38,23,95.76797047974182,3,3,No
1461,50,Male,Evening,1092,4,49,0,80.34309300699623,1,2,Yes
1462,57,Male,Morning,855,16,42,24,81.70886641638312,4,5,No
1463,27,Male,Morning,759,5,28,9,96.73065048901634,3,3,No
1464,46,Male,Morning,467,1,1,15,94.40826440102067,1,2,No
1465,30,Male,Night,811,3,35,15,91.44858470655332,5,1,No
1466,29,Male,Morning,890,10,40,7,77.46391191259444,2,2,No
1467,48,Male,Night,448,7,8,28,97.30649964899933,1,1,No
1468,19,Male,Night,1086,11,47,38,74.63247272617639,2,5,Yes
1469,52,Male,Evening,963,7,7,27,88.80311558251665,5,2,No
1470,40,Male,Evening,501,10,11,5,70.86403541639557,1,5,No
1471,34,Female,Evening,615,19,39,15,89.31159418974838,4,3,No
1472,43,Male,Evening,837,7,4,19,78.3143305562008,3,1,No
1473,25,Female,Evening,1099,7,25,15,83.4903093155116,1,3,No
1474,46,Female,Night,968,16,12,6,80.3579365617116,5,1,No
1475,43,Male,Night,958,19,26,13,75.1827026873863,1,5,Yes
1476,27,Male,Morning,558,19,38,25,88.65942370281623,2,4,Yes
1477,43,Male,Night,888,15,46,25,96.45926665421823,1,2,Yes
1478,51,Male,Night,1085,13,12,13,98.7725272684721,4,5,No
1479,58,Male,Evening,641,10,43,6,75.77039089461745,1,1,Yes
1480,24,Male,Night,1193,6,37,32,91.5211832218892,3,1,No
1481,21,Male,Evening,1152,15,46,25,89.93018099817047,1,1,Yes
1482,28,Male,Morning,404,12,24,19,80.30133368723718,2,1,No
1483,46,Male,Morning,995,14,16,2,70.57297598061177,1,2,Yes
1484,53,Male,Night,760,15,13,3,90.69373741938598,4,3,No
1485,42,Male,Morning,858,8,25,25,98.364845816785,5,4,No
1486,38,Male,Night,647,2,4,10,88.96360365746955,1,2,No
1487,53,Male,Morning,965,18,11,1,83.05878172562902,1,1,Yes
1488,27,Female,Evening,1072,19,32,13,85.75461682334885,3,2,No
1489,54,Male,Evening,821,4,49,29,75.98886422979753,4,5,No
1490,26,Male,Evening,1137,9,7,11,92.51632491261213,5,1,No
1491,41,Male,Evening,414,16,46,25,92.39259490029548,2,4,Yes
1492,52,Male,Night,1135,14,11,32,74.36551901162275,1,1,Yes
1493,52,Female,Morning,972,7,28,12,96.33935147498977,5,4,No
1494,53,Female,Night,521,14,41,13,78.07569218419916,2,4,Yes
1495,35,Male,Evening,676,13,23,23,99.46768182809845,4,3,No
1496,56,Female,Night,957,19,45,33,81.48709042111737,4,3,Yes
1497,49,Female,Morning,852,6,23,25,75.33652176203499,5,2,No
1498,41,Female,Night,789,11,28,20,80.55160334036957,2,2,Yes
1499,40,Female,Morning,693,16,43,27,83.2054098609158,4,4,No
1500,49,Female,Night,973,16,47,35,72.07923319114884,5,1,No
1501,54,Male,Morning,997,9,26,39,87.34655143669869,4,5,No
1502,29,Male,Morning,845,18,25,1,87.928973196067,4,5,No
1503,30,Male,Evening,609,13,29,8,92.16791366048417,4,1,No
1504,40,Male,Morning,989,10,19,22,70.8750967687223,3,1,No
1505,42,Male,Evening,1113,1,33,14,86.2371464330149,2,3,No
1506,52,Male,Evening,701,17,36,12,71.58722299811993,5,5,No
1507,58,Male,Evening,622,6,14,22,91.0343265989996,5,4,No
1508,47,Female,Night,1133,11,14,16,71.67183957102954,2,2,Yes
1509,34,Female,Night,402,1,35,1,97.35183545024898,2,3,No
1510,37,Male,Night,917,19,30,19,91.06247700653489,2,5,Yes
1511,42,Male,Night,492,17,28,19,85.22169295255472,2,1,Yes
1512,39,Female,Morning,919,5,17,2,83.24511769843525,1,5,No
1513,30,Male,Morning,827,9,3,11,73.92017891239787,5,4,No
1514,36,Female,Night,892,19,16,39,78.7299816869399,1,3,Yes
1515,53,Male,Morning,634,14,46,1,96.0687731506269,4,1,No
1516,29,Male,Morning,1019,4,30,35,97.13358434687481,4,4,No
1517,58,Female,Evening,560,19,29,13,70.02243125111593,5,2,No
1518,36,Male,Evening,1120,2,45,15,87.82409174432654,4,3,No
1519,29,Male,Evening,1151,4,15,18,91.57901827075341,2,4,No
1520,26,Female,Evening,730,7,46,33,88.5624094737282,1,4,No
1521,24,Male,Morning,732,7,25,5,72.45039294599061,2,1,No
1522,45,Male,Night,449,7,38,12,76.53174696396707,4,2,No
1523,31,Female,Morning,922,11,42,35,77.51020802144158,1,4,Yes
1524,48,Male,Morning,1067,7,47,21,94.95173893915269,2,3,No
1525,36,Female,Morning,891,10,38,17,83.89598308926762,5,4,No
1526,33,Male,Evening,981,13,23,11,84.6048463582371,2,5,Yes
1527,22,Male,Evening,1080,7,25,29,98.04679139663526,4,3,No
1528,52,Male,Evening,671,9,42,39,89.11257666564147,1,3,No
1529,29,Male,Night,979,6,7,6,96.96003104657991,5,4,No
1530,42,Female,Morning,651,16,22,31,83.695265660246,1,1,Yes
1531,38,Female,Night,959,3,17,18,74.48308775554882,5,3,No
1532,53,Male,Evening,1095,12,18,5,97.89806782222257,1,5,No
1533,40,Female,Night,1098,3,49,19,83.76115347002614,4,1,No
1534,33,Male,Morning,489,4,41,26,75.44894265636465,5,1,No
1535,56,Male,Morning,845,3,10,36,79.07187220911767,3,1,No
1536,59,Male,Evening,731,17,10,6,71.52407769066826,1,3,Yes
1537,56,Male,Evening,538,5,7,4,84.04901774369155,1,1,No
1538,31,Male,Night,756,1,48,10,95.5938451573071,2,4,No
1539,48,Female,Evening,1000,10,38,14,98.00741368020068,5,1,No
1540,22,Male,Evening,673,13,27,2,97.97806622510932,3,5,No
1541,52,Male,Morning,418,4,33,4,73.75690076886241,4,2,No
1542,40,Male,Evening,710,5,1,22,81.46161647533171,2,5,No
1543,46,Male,Evening,553,9,44,36,70.8468627895212,3,3,No
1544,28,Female,Morning,789,7,34,8,95.65496034914418,5,1,No
1545,35,Male,Morning,659,13,4,14,80.76267286063822,3,1,No
1546,29,Male,Night,1019,2,17,2,88.93351083676704,1,4,No
1547,26,Male,Evening,1196,11,4,28,91.44695314231866,1,1,No
1548,27,Male,Morning,970,15,43,5,82.89534009229466,2,5,Yes
1549,34,Male,Night,524,16,26,16,79.19327009650729,5,3,No
1550,55,Male,Night,753,0,4,25,98.86638730347835,5,2,No
1551,24,Female,Evening,672,9,1,20,98.93464675071563,3,1,No
1552,30,Female,Evening,1018,9,7,7,78.68309104090066,2,2,No
1553,57,Male,Night,644,1,30,20,84.38875290233375,5,1,No
1554,59,Male,Morning,849,8,9,10,99.18532475980066,1,3,No
1555,26,Male,Night,646,12,35,37,70.1460522296651,3,5,No
1556,44,Male,Evening,919,15,8,7,82.38034745137448,4,3,No
1557,19,Male,Morning,540,17,24,23,73.01372649042905,1,2,Yes
1558,22,Male,Morning,761,18,19,34,85.27473896687808,2,1,No
1559,46,Male,Night,407,11,36,13,70.74009863621461,5,2,No
1560,54,Male,Evening,877,7,43,13,82.20695294171884,1,5,Yes
1561,55,Male,Night,751,16,27,9,76.62097224356006,4,3,Yes
1562,36,Male,Night,894,14,32,11,85.99925087376222,4,2,No
1563,25,Male,Night,1005,9,14,37,99.879809473021,2,2,No
1564,18,Male,Morning,826,14,18,33,94.01608315380243,1,5,Yes
1565,39,Male,Morning,438,14,28,9,95.36926274873264,3,1,No
1566,34,Female,Evening,992,6,29,16,89.05794962077243,1,2,No
1567,24,Male,Evening,586,12,16,16,71.24679544816776,4,5,No
1568,42,Female,Night,995,16,35,2,76.20393028132432,2,1,Yes
1569,21,Male,Night,999,8,47,30,97.75193669341165,2,1,No
1570,53,Female,Night,1153,7,31,0,80.98339353786254,3,3,No
1571,23,Male,Evening,492,19,4,11,73.10910179442386,2,5,Yes
1572,48,Female,Morning,485,17,37,38,91.07216097598607,2,1,Yes
1573,36,Female,Morning,443,12,17,3,78.98373171802764,2,3,No
1574,56,Male,Night,536,15,39,12,78.06570738712514,2,4,Yes
1575,44,Male,Night,820,8,48,33,99.93932366674781,2,5,No
1576,27,Male,Night,473,11,46,20,95.74416775079963,4,4,No
1577,43,Male,Night,947,11,26,21,82.23813455103523,1,1,Yes
1578,36,Male,Evening,1012,5,48,3,99.40783623449497,5,5,No
1579,56,Male,Morning,911,18,39,17,89.50339670257641,2,3,Yes
1580,20,Male,Night,555,6,41,4,92.2606735563928,5,1,No
1581,30,Male,Evening,654,2,4,18,70.94539129246635,5,5,No
1582,45,Female,Night,570,15,30,1,73.64815778044171,4,5,Yes
1583,37,Male,Night,1127,17,30,11,88.99255379488716,2,4,Yes
1584,45,Female,Morning,569,15,22,16,96.97071947948452,5,1,No
1585,25,Male,Night,1163,6,11,9,88.71231178262786,2,3,No
1586,58,Male,Morning,721,3,2,33,74.02074682956976,3,3,No
1587,56,Male,Morning,966,7,44,5,73.47280138738974,3,1,No
1588,18,Male,Morning,855,12,12,7,95.32557687472246,3,1,No
1589,20,Female,Evening,1002,12,30,10,74.17907016123743,5,2,No
1590,30,Male,Evening,1189,16,36,11,85.60695881512076,3,4,No
1591,45,Female,Morning,1012,16,18,8,71.11339959886907,4,1,No
1592,42,Male,Night,554,4,26,1,72.42009302173533,4,1,No
1593,50,Male,Morning,748,5,7,7,90.17044802928595,5,2,No
1594,55,Male,Night,850,18,1,10,90.6754423128255,2,2,Yes
1595,23,Male,Morning,1052,12,26,35,80.24408219825327,1,5,No
1596,49,Male,Night,572,13,23,9,76.46829295729134,2,3,Yes
1597,38,Male,Evening,409,3,26,20,94.41130812271923,2,4,No
1598,33,Male,Night,1139,6,45,19,76.51309688409671,2,5,Yes
1599,38,Male,Morning,664,7,6,7,86.26081208999139,2,1,No
1600,28,Male,Evening,837,12,6,35,99.04626522588717,1,2,No
1601,54,Male,Night,1159,5,44,28,74.43557313587151,3,3,No
1602,53,Male,Night,646,5,8,11,98.22628802484127,2,5,No
1603,52,Male,Night,1066,2,24,13,75.48679159206006,4,3,No
1604,36,Male,Night,945,2,22,20,87.02329624069688,5,2,No
1605,37,Male,Night,898,12,19,21,81.31023135876234,5,5,No
1606,35,Male,Evening,528,1,37,20,98.94785804505477,4,5,No
1607,58,Male,Evening,1071,15,18,29,78.2062608700581,2,3,Yes
1608,31,Male,Evening,1000,5,31,38,81.98974006257261,1,2,Yes
1609,32,Female,Evening,1004,7,37,19,99.48580353566261,3,1,No
1610,48,Male,Morning,726,7,30,23,86.0941117356542,5,5,No
1611,18,Male,Evening,1152,5,42,22,85.0789034686376,3,1,No
1612,20,Male,Night,803,13,33,6,77.73335464611974,1,2,Yes
1613,33,Male,Night,1028,2,10,8,91.04090680931324,5,5,No
1614,40,Male,Evening,1005,9,37,0,70.43118855333333,3,5,No
1615,28,Male,Night,1074,2,12,25,71.4853788910688,1,1,Yes
1616,29,Female,Evening,1010,11,30,37,87.98075761407408,3,4,No
1617,27,Male,Night,1024,16,27,37,80.25023721455362,2,1,Yes
1618,49,Male,Morning,758,4,39,21,98.59949116602881,1,1,No
1619,33,Male,Morning,1002,19,9,9,97.09572072168356,3,4,No
1620,25,Male,Evening,1117,8,21,5,91.41118776030122,2,2,No
1621,55,Male,Evening,416,19,12,16,94.54436743383404,2,2,No
1622,29,Male,Evening,673,6,29,37,90.0199554900308,1,5,No
1623,41,Male,Night,1084,3,33,23,73.76746308130483,4,3,No
1624,45,Female,Evening,515,12,43,9,92.96630109067608,5,3,No
1625,25,Male,Morning,1092,12,15,7,76.3057590615654,1,5,No
1626,45,Male,Night,490,9,2,20,79.7032856530059,2,3,Yes
1627,53,Male,Evening,481,17,39,5,94.5770263630726,2,1,Yes
1628,43,Male,Night,723,16,44,20,86.09576825180345,1,1,Yes
1629,25,Male,Night,513,19,18,38,95.79822142550228,4,4,No
1630,45,Male,Evening,1168,19,3,23,76.39105959529792,5,4,No
1631,45,Female,Night,457,12,7,32,88.23335315820661,3,5,No
1632,54,Female,Morning,553,16,43,17,72.51372917644785,1,5,Yes
1633,58,Male,Morning,803,3,18,27,89.2918298062009,5,5,No
1634,53,Female,Night,1027,0,44,31,92.87602113326605,5,1,No
1635,44,Male,Evening,665,0,38,11,87.54792681936165,2,3,No
1636,34,Male,Night,714,14,37,26,77.9869450449643,3,5,Yes
1637,26,Male,Morning,1114,12,33,9,70.940280065766,1,5,Yes
1638,50,Female,Night,440,16,44,31,73.58346651892857,2,1,Yes
1639,37,Male,Night,504,7,31,25,88.66908937222078,2,1,No
1640,30,Male,Morning,592,17,11,24,98.03260650527541,4,1,No
1641,45,Male,Night,800,12,4,10,76.1960321191602,5,3,No
1642,46,Male,Night,677,13,18,22,92.05078447315296,1,5,Yes
1643,30,Male,Evening,753,7,4,33,95.99353189747124,1,2,No
1644,52,Male,Evening,1148,7,49,39,85.62646535342533,1,2,No
1645,23,Male,Morning,1132,14,34,22,90.07797387530974,2,5,Yes
1646,35,Male,Morning,979,12,29,28,94.45045950028444,4,5,No
1647,22,Male,Morning,1108,6,24,30,77.8202547322178,3,5,No
1648,42,Male,Evening,655,4,22,6,78.90687022804129,2,5,No
1649,19,Male,Morning,1050,16,2,39,70.01882549885369,3,3,No
1650,27,Male,Morning,1060,15,44,32,98.89282392693407,4,2,No
1651,47,Male,Morning,498,1,6,20,97.52634683789034,5,4,No
1652,22,Male,Evening,987,17,42,1,92.9370479127829,1,2,Yes
1653,50,Male,Night,681,16,25,17,72.37228062929944,3,2,Yes
1654,18,Female,Morning,802,6,21,32,83.42508669098524,2,1,No
1655,35,Male,Night,508,12,16,36,73.05675261914658,3,5,No
1656,49,Male,Morning,1099,17,31,33,70.47760801788395,5,5,No
1657,28,Male,Night,598,13,14,19,88.48548895637792,1,5,Yes
1658,38,Male,Evening,702,17,39,34,98.82488251240565,3,1,No
1659,43,Male,Evening,726,12,28,17,97.08604070296451,5,3,No
1660,42,Male,Morning,553,10,32,23,90.90264444806213,2,3,No
1661,39,Male,Night,951,15,28,7,72.89921752494614,4,4,Yes
1662,44,Male,Evening,1044,16,49,29,78.22492113016901,2,3,Yes
1663,30,Female,Morning,804,7,9,9,79.60170180655874,1,3,No
1664,50,Female,Morning,861,18,45,22,92.89450173236683,2,5,Yes
1665,51,Male,Evening,531,19,22,10,94.06747537705343,2,2,No
1666,58,Male,Evening,1190,14,32,1,81.55318368969762,2,3,Yes
1667,52,Female,Morning,483,8,5,25,82.5365198985283,2,3,No
1668,18,Male,Night,798,19,23,35,71.33527117828514,1,1,Yes
1669,38,Male,Night,1153,9,5,32,78.67410155256283,5,4,No
1670,23,Female,Night,1027,11,42,12,83.5385553153292,3,1,No
1671,45,Male,Morning,508,19,32,39,73.50949139155773,4,5,No
1672,34,Male,Evening,620,0,10,24,83.59802382265065,3,2,No
1673,22,Female,Morning,952,19,39,3,95.595274367734,3,4,No
1674,48,Male,Evening,767,8,15,18,87.43963059175161,4,1,No
1675,22,Male,Night,546,14,7,17,72.36789565115237,1,3,Yes
1676,55,Male,Night,511,0,29,36,75.75013956490822,4,3,No
1677,20,Female,Evening,1014,11,47,29,84.2363305047567,1,4,Yes
1678,40,Female,Evening,957,2,3,18,80.84461449465437,3,3,No
1679,54,Female,Morning,893,10,19,22,80.76181058638296,1,1,No
1680,54,Male,Night,904,1,10,15,85.8780234443077,5,1,No
1681,27,Female,Morning,874,15,28,0,87.53187764768373,4,3,No
1682,27,Female,Morning,670,8,29,11,93.90584710828574,5,3,No
1683,36,Male,Morning,820,14,15,23,80.22899690387455,3,5,No
1684,34,Female,Night,1106,11,35,33,94.1639884912176,4,2,No
1685,38,Female,Morning,766,0,6,7,80.15833687337897,3,4,No
1686,31,Male,Morning,679,12,12,17,71.66298966823702,5,1,No
1687,26,Male,Morning,682,13,47,4,86.62562953014373,3,4,No
1688,18,Male,Morning,439,7,38,25,87.63706974684443,4,5,No
1689,30,Male,Morning,588,7,13,29,98.0362073686558,4,1,No
1690,21,Male,Morning,563,11,29,12,91.78183978187423,3,5,No
1691,18,Male,Night,935,0,19,18,97.53317957483318,4,5,No
1692,57,Female,Morning,935,10,3,28,97.2504163072903,4,3,No
1693,49,Female,Evening,403,7,8,2,88.13722330774726,3,4,No
1694,51,Female,Morning,689,9,8,25,85.83286196009342,5,4,No
1695,45,Male,Morning,832,18,20,39,86.723229014908,4,3,No
1696,48,Male,Night,870,10,47,11,99.34992423031744,4,4,No
1697,25,Male,Night,580,6,4,1,93.19503075240877,4,3,No
1698,56,Male,Evening,647,10,21,10,73.18797714377187,4,1,No
1699,43,Female,Evening,1027,16,3,27,93.352852203442,3,5,No
1700,51,Female,Night,678,0,45,17,75.11614146694677,5,5,No
1701,20,Male,Night,980,7,8,12,83.42051647016876,5,4,No
1702,29,Female,Morning,653,5,23,36,76.31379016529603,1,2,No
1703,18,Female,Night,580,17,16,21,90.6874919659969,4,5,No
1704,22,Male,Evening,1080,5,13,11,96.31929208579106,4,3,No
1705,47,Female,Morning,908,4,3,1,78.71085656100043,1,2,No
1706,47,Male,Evening,1160,12,48,36,72.46032223624563,5,2,No
1707,34,Male,Morning,1099,18,9,6,78.9547929422489,2,5,Yes
1708,40,Male,Night,965,7,14,25,90.17085573796584,2,5,No
1709,32,Male,Evening,725,8,13,25,79.8628038266335,5,5,No
1710,54,Male,Morning,756,16,7,23,78.3433650266141,4,3,No
1711,38,Male,Morning,1049,2,15,11,75.53305571752794,2,2,No
1712,31,Male,Night,1079,18,7,15,84.92549280623301,3,4,Yes
1713,19,Male,Night,790,10,38,22,78.27846484471563,3,3,No
1714,28,Male,Night,1014,16,34,39,91.9303104741845,1,1,Yes
1715,56,Male,Evening,484,18,41,8,72.29867205976608,5,5,No
1716,55,Male,Morning,716,1,22,31,89.92099099333953,5,2,No
1717,51,Male,Night,611,7,24,14,77.1268004370331,2,3,Yes
1718,55,Male,Evening,914,18,49,36,84.67837783154809,4,1,No
1719,51,Male,Evening,783,6,37,12,78.58269766093781,5,3,No
1720,35,Male,Evening,1090,16,44,4,91.68306028032387,2,3,Yes
1721,47,Male,Night,741,5,1,10,98.3592112075491,2,4,No
1722,32,Female,Night,437,18,10,9,97.5123033840944,5,4,No
1723,44,Male,Morning,910,5,43,12,87.50278645432273,2,3,No
1724,51,Male,Morning,819,1,16,14,83.87830909770935,1,1,No
1725,55,Female,Night,1150,5,46,6,94.54901528318146,1,2,Yes
1726,50,Female,Evening,568,4,8,39,90.4997908788319,5,2,No
1727,41,Female,Evening,742,18,49,27,75.50692342650798,4,5,No
1728,32,Female,Evening,705,19,25,31,94.62757640839001,1,5,Yes
1729,47,Male,Morning,941,3,12,34,82.86653168184131,1,2,No
1730,59,Male,Evening,1101,16,25,14,75.66956979913525,5,3,No
1731,34,Male,Morning,936,10,17,35,78.45392051189478,3,3,No
1732,22,Male,Morning,511,3,26,20,78.02581090745028,2,4,No
1733,46,Male,Evening,810,12,46,5,85.5762092381038,1,4,No
1734,21,Male,Evening,605,19,48,0,77.03110272033626,3,5,Yes
1735,27,Male,Night,584,16,14,3,73.70699462204729,4,2,Yes
1736,34,Female,Night,781,8,41,10,73.71072551841283,3,3,No
1737,27,Female,Evening,895,3,36,25,87.4982859141729,5,2,No
1738,34,Male,Morning,778,13,23,36,92.04277866548136,4,1,No
1739,37,Female,Morning,446,18,43,22,79.64599026515023,4,2,No
1740,41,Male,Morning,1139,2,6,28,71.03952129442051,3,1,No
1741,22,Female,Morning,950,13,47,20,73.81674660811032,5,4,No
1742,51,Male,Morning,927,7,5,26,97.4408368101117,1,4,No
1743,23,Female,Night,903,0,43,38,84.80630978768359,3,5,No
1744,19,Male,Evening,421,9,25,39,83.60718428845524,1,2,No
1745,30,Male,Night,612,17,18,12,71.14147534930272,3,2,Yes
1746,28,Male,Morning,709,15,13,22,91.85911066950698,1,1,Yes
1747,40,Male,Morning,1060,7,43,15,85.84204242796237,3,4,No
1748,33,Male,Morning,1152,0,14,29,76.06242808259563,4,1,No
1749,48,Male,Morning,671,11,28,3,73.30221280543172,2,4,No
1750,28,Male,Evening,970,7,18,39,81.50163590895995,4,1,No
1751,33,Male,Morning,1198,15,28,15,95.11485892585077,1,4,Yes
1752,25,Male,Evening,601,17,27,30,95.95883677603074,5,1,No
1753,21,Female,Morning,431,3,32,24,88.0853914118691,4,4,No
1754,57,Male,Evening,842,5,47,11,91.82609281690428,2,1,No
1755,21,Male,Night,561,11,9,25,73.4546736220861,1,2,Yes
1756,42,Male,Morning,1166,8,40,36,87.64378196403564,4,5,No
1757,20,Female,Evening,653,14,32,32,90.00897110461545,3,1,No
1758,49,Male,Night,920,15,20,27,76.02138528741376,5,5,No
1759,20,Female,Morning,1050,11,28,8,96.40464198730777,1,2,No
1760,44,Female,Morning,879,13,33,11,75.84990212563059,4,2,No
1761,46,Male,Morning,409,12,4,4,79.40432079539352,1,4,No
1762,49,Male,Evening,1125,1,46,27,88.61670541070376,3,5,No
1763,36,Female,Evening,904,2,34,34,89.15050195392192,2,3,No
1764,38,Female,Night,1184,9,48,4,90.98154222962101,4,4,No
1765,22,Male,Evening,959,8,3,33,73.36035139204617,1,5,No
1766,35,Male,Evening,835,19,26,33,95.48393289785666,1,1,Yes
1767,45,Female,Morning,510,7,8,12,85.9854139684978,1,1,No
1768,59,Male,Morning,552,9,6,38,84.13965382315205,2,2,No
1769,39,Female,Morning,1034,18,16,13,99.43292873540528,1,3,Yes
1770,38,Male,Morning,501,2,24,10,92.21134890823059,5,1,No
1771,23,Male,Morning,1152,4,48,37,73.54018079858125,5,5,No
1772,18,Female,Morning,590,2,39,3,92.69617501678722,1,5,No
1773,22,Male,Morning,1128,15,30,32,72.85746801918609,5,1,No
1774,58,Male,Night,962,16,45,6,70.82411687538955,4,5,Yes
1775,29,Male,Night,480,14,13,7,82.10877685809692,5,5,No
1776,43,Male,Night,888,2,5,36,99.80734518457656,1,2,No
1777,51,Male,Night,487,11,25,9,75.24651808584588,3,3,No
1778,31,Male,Morning,593,8,20,14,90.1793303058037,4,2,No
1779,43,Male,Night,503,11,18,37,75.20188198618358,2,3,Yes
1780,44,Female,Morning,1182,14,47,14,91.74360924875158,1,5,Yes
1781,26,Male,Night,495,1,18,4,85.16061004713478,2,3,No
1782,43,Male,Evening,822,17,2,28,90.39915130268129,3,5,No
1783,39,Male,Night,597,19,10,18,76.08619527742704,2,5,Yes
1784,47,Female,Night,400,11,45,9,92.36884997561506,1,2,Yes
1785,34,Female,Morning,806,3,47,11,99.86857178868121,1,2,No
1786,43,Male,Night,777,15,12,3,89.9695150187788,3,4,No
1787,53,Male,Evening,566,15,47,30,84.80439994218634,1,1,Yes
1788,18,Male,Morning,908,0,13,17,97.69521965857794,3,4,No
1789,25,Female,Morning,1037,1,47,15,70.47555526695629,3,4,No
1790,52,Female,Night,712,2,11,39,91.89770557857463,1,3,No
1791,32,Male,Morning,992,19,19,35,96.66239550441439,5,5,No
1792,39,Female,Morning,817,16,35,24,71.85023750862872,3,5,Yes
1793,31,Female,Morning,1162,19,39,22,83.50192511247275,1,5,Yes
1794,43,Male,Morning,1080,0,26,11,76.14158361849996,5,1,No
1795,45,Male,Morning,876,19,46,33,86.9955449676349,3,3,No
1796,40,Male,Morning,472,5,14,35,89.48628875810982,5,3,No
1797,31,Male,Evening,540,14,45,36,79.07869548786265,4,5,No
1798,41,Female,Night,981,13,44,2,83.79945009034303,4,4,Yes
1799,19,Male,Evening,661,19,24,8,78.38018455829679,5,1,No
1800,43,Male,Morning,739,14,41,17,81.08173493365341,3,4,Yes
1801,31,Male,Morning,707,13,1,34,74.7861987006527,1,2,Yes
1802,24,Male,Night,644,4,43,33,96.56678330756894,2,3,No
1803,20,Male,Evening,914,5,22,13,70.3003123167741,1,3,No
1804,40,Male,Night,736,16,23,3,96.47227559331365,2,4,Yes
1805,35,Male,Evening,974,10,19,28,87.15036635049216,2,1,No
1806,55,Male,Morning,960,15,18,14,79.94973532531053,3,3,No
1807,52,Male,Night,475,11,12,27,91.6917137638099,5,4,No
1808,32,Male,Night,574,14,28,15,85.23256455587993,1,1,Yes
1809,42,Male,Morning,508,3,28,11,84.9732597432282,5,4,No
1810,54,Male,Night,582,17,33,4,73.30426848756899,4,1,Yes
1811,45,Male,Evening,591,2,19,33,81.68548077836226,3,5,No
1812,27,Male,Evening,464,7,28,0,77.23193037570209,3,1,No
1813,56,Male,Evening,873,2,49,38,70.47087716788839,4,2,No
1814,34,Male,Evening,1182,7,37,31,80.8029889234634,1,5,Yes
1815,56,Female,Morning,499,17,26,25,72.69466388276814,4,4,No
1816,39,Male,Night,943,9,35,16,77.70490113175556,1,5,Yes
1817,43,Male,Evening,527,19,34,26,72.77549863549284,2,5,Yes
1818,42,Female,Morning,851,16,35,23,73.02824876669196,3,4,Yes
1819,34,Male,Night,768,7,40,34,75.97033883245565,1,4,Yes
1820,30,Male,Night,442,10,16,38,99.99547733459201,5,2,No
1821,37,Female,Morning,818,4,38,25,70.06552428571746,5,4,No
1822,42,Female,Morning,887,12,13,37,89.16017908361215,3,3,No
1823,21,Male,Evening,477,4,23,22,74.23731094079672,4,3,No
1824,27,Male,Night,669,12,22,21,97.61884410132328,4,2,No
1825,20,Male,Night,1073,5,16,3,72.80898680000888,1,1,Yes
1826,58,Male,Morning,1100,4,28,8,98.65189561378709,4,1,No
1827,35,Male,Night,1158,8,48,3,88.32779162450434,3,3,No
1828,53,Male,Evening,1127,15,35,6,70.0380423074647,1,4,Yes
1829,39,Male,Night,714,1,45,22,96.82021593750417,2,2,No
1830,51,Male,Morning,567,0,46,1,85.65135404100755,4,1,No
1831,25,Female,Morning,738,7,8,23,77.88009205991453,4,1,No
1832,57,Male,Evening,592,18,44,39,93.0183753254689,1,5,Yes
1833,36,Male,Evening,852,10,22,30,97.7999666166061,5,3,No
1834,59,Male,Night,682,11,21,30,84.51072469440382,4,4,No
1835,58,Male,Night,735,11,26,39,79.46660423329332,3,2,No
1836,54,Male,Morning,789,6,40,33,93.6683537180478,4,1,No
1837,23,Male,Evening,924,12,21,23,90.45356493365364,2,5,No
1838,43,Male,Evening,639,7,25,25,96.66257451250817,4,3,No
1839,51,Male,Evening,882,8,41,15,90.77542038283579,5,3,No
1840,23,Male,Night,1058,6,1,12,77.30585016698609,4,2,No
1841,54,Male,Evening,1115,14,6,14,97.94977749277058,1,1,Yes
1842,50,Male,Morning,991,1,23,26,73.14507241617974,4,2,No
1843,39,Male,Morning,954,19,23,3,78.03828250320544,5,2,No
1844,38,Female,Night,857,11,43,15,85.60583823171658,1,5,Yes
1845,23,Male,Night,488,0,43,29,86.97226078212704,3,3,No
1846,23,Male,Evening,1059,7,23,29,70.45931759880716,1,4,No
1847,21,Male,Night,494,4,32,35,93.4171817746282,2,3,No
1848,47,Male,Morning,851,14,30,2,80.84821955276169,1,3,Yes
1849,28,Female,Evening,827,0,13,21,82.19255623006413,3,5,No
1850,47,Male,Morning,550,0,43,21,94.28108633310838,4,4,No
1851,48,Female,Evening,913,9,18,11,81.37850175182633,1,1,No
1852,41,Male,Night,775,9,23,20,71.41674629484264,1,4,Yes
1853,26,Male,Evening,421,14,15,3,75.29319311411051,1,1,Yes
1854,20,Male,Evening,712,16,33,30,98.67709517164548,1,4,Yes
1855,48,Female,Morning,918,5,21,30,72.11216087207542,3,2,No
1856,57,Male,Morning,605,2,39,22,80.6479360290405,5,4,No
1857,54,Male,Evening,774,12,23,19,85.09537501154034,5,5,No
1858,53,Female,Night,850,15,27,14,84.7984248201568,1,1,Yes
1859,41,Male,Night,1025,7,45,22,70.11879829036428,3,3,No
1860,48,Male,Morning,1183,14,44,27,85.03488194372471,3,5,No
1861,23,Male,Night,994,16,18,15,81.51317373932227,1,1,Yes
1862,19,Female,Morning,578,16,24,36,99.16238006423671,2,1,No
1863,37,Male,Night,609,12,47,20,74.77477251981489,1,3,Yes
1864,45,Female,Evening,899,16,40,14,80.62462590278486,2,2,Yes
1865,28,Female,Morning,863,5,42,16,82.58444455269459,1,5,Yes
1866,21,Male,Morning,523,16,7,36,81.72080611302846,2,3,Yes
1867,32,Male,Evening,512,15,48,12,89.97492482955587,2,3,Yes
1868,23,Male,Morning,411,13,20,18,76.46538572643307,1,2,Yes
1869,47,Male,Night,525,12,27,29,76.63214658441976,2,5,Yes
1870,55,Female,Night,964,5,6,17,91.8763284550256,4,3,No
1871,19,Female,Morning,730,2,27,13,85.0087155603454,5,2,No
1872,32,Male,Night,682,13,9,35,82.45467028171932,3,5,Yes
1873,28,Male,Morning,539,13,45,35,75.07609155031756,2,4,Yes
1874,25,Male,Evening,800,14,31,19,75.625816687365,2,1,Yes
1875,43,Male,Morning,496,7,21,18,70.31654910447702,3,2,No
1876,22,Male,Evening,916,14,26,6,72.74278806585127,2,1,Yes
1877,23,Male,Night,968,12,40,3,86.70516084070724,3,4,No
1878,43,Male,Evening,468,16,48,33,96.7561939002523,1,3,Yes
1879,21,Male,Night,517,2,45,1,78.61494295391672,4,3,No
1880,36,Male,Morning,458,5,13,4,79.83241677688385,4,5,No
1881,37,Male,Night,432,4,49,9,73.46816831834536,5,2,No
1882,50,Male,Morning,717,16,23,31,81.65892836821308,2,2,Yes
1883,37,Female,Morning,449,1,20,12,71.11665113707987,5,5,No
1884,29,Male,Evening,888,14,37,38,97.52802088785701,1,1,Yes
1885,18,Female,Evening,418,4,28,4,90.19334044373586,4,3,No
1886,43,Female,Evening,1125,19,17,9,99.72246428179656,1,3,Yes
1887,31,Male,Evening,596,5,28,9,96.48469488035481,1,2,No
1888,55,Female,Night,849,5,41,37,84.18971781094459,2,2,Yes
1889,54,Male,Night,958,17,2,26,85.5905509345113,1,5,Yes
1890,28,Male,Night,1078,17,25,20,75.71728139551581,4,4,Yes
1891,53,Male,Morning,851,3,41,7,83.86118028518666,5,1,No
1892,30,Male,Night,688,16,6,0,97.09083620478435,4,4,No
1893,20,Male,Night,540,13,11,27,71.52560270907463,2,4,Yes
1894,50,Male,Night,483,13,38,38,95.90670408994929,4,2,No
1895,23,Male,Evening,1093,12,6,13,80.22843404927829,3,2,No
1896,27,Male,Night,790,6,45,20,96.9853829528893,5,2,No
1897,22,Male,Morning,990,11,11,29,98.22639719024454,3,4,No
1898,40,Female,Evening,614,14,14,20,90.12594661005718,3,1,No
1899,27,Male,Morning,925,18,2,8,89.93271359778034,2,2,No
1900,19,Male,Night,614,10,40,16,83.5826301312622,1,3,Yes
1901,30,Female,Evening,802,14,3,4,95.06620673631122,3,1,No
1902,57,Male,Morning,527,11,35,30,98.8483827529985,4,3,No
1903,19,Male,Night,876,2,33,39,93.25245401017358,1,1,Yes
1904,37,Male,Morning,1159,16,24,37,88.65810201270128,4,2,No
1905,18,Male,Morning,803,2,19,18,88.2037868746401,4,5,No
1906,54,Female,Morning,428,18,18,35,95.48409704750986,1,2,Yes
1907,26,Male,Night,1191,19,49,32,86.23611297313894,1,4,Yes
1908,34,Female,Night,737,3,24,12,94.11579658746467,4,4,No
1909,26,Male,Morning,1113,2,45,13,85.26655765522737,2,1,No
1910,28,Male,Evening,760,15,35,32,71.87332824921772,5,4,No
1911,32,Male,Evening,968,11,1,28,81.51841026712466,5,2,No
1912,41,Male,Night,791,7,36,35,83.33322873014497,2,3,Yes
1913,55,Male,Night,617,16,25,9,74.24851734959852,1,2,Yes
1914,52,Female,Night,973,6,45,30,73.07488987567639,4,1,No
1915,47,Female,Night,1068,10,49,5,86.06394848970862,5,4,No
1916,48,Male,Night,601,17,43,0,72.55430909668246,4,3,Yes
1917,22,Female,Evening,416,0,34,6,79.08835503670252,2,5,No
1918,31,Female,Night,721,2,25,26,92.33790927889228,4,3,No
1919,28,Male,Morning,917,3,16,20,98.93296538703942,2,3,No
1920,26,Male,Morning,969,12,34,27,91.53611741655786,1,2,No
1921,51,Male,Evening,724,5,29,15,99.7787664535861,2,5,No
1922,29,Male,Morning,811,13,19,22,90.95013913838208,2,1,No
1923,52,Male,Evening,717,4,23,19,78.81383411962983,5,1,No
1924,52,Male,Evening,1080,15,19,37,90.16157621516086,4,3,No
1925,18,Female,Morning,481,14,25,24,91.06470295590711,5,3,No
1926,57,Male,Night,873,14,16,27,81.15180953849382,3,4,Yes
1927,39,Male,Morning,867,3,9,4,70.53141551828168,2,5,No
1928,46,Female,Morning,824,7,1,20,91.09599354326461,3,3,No
1929,25,Female,Evening,1130,15,42,17,70.65100285826625,5,4,No
1930,28,Male,Morning,1088,15,19,5,88.93564234180214,4,5,No
1931,58,Female,Evening,603,3,33,28,74.90849466227665,5,1,No
1932,54,Male,Night,982,12,34,18,86.9681058324413,4,4,No
1933,31,Male,Night,786,12,16,32,85.117390761418,4,5,No
1934,47,Male,Night,1177,1,44,0,70.40540926918548,1,4,Yes
1935,52,Male,Morning,497,2,40,2,80.8859745098531,2,3,No
1936,38,Male,Evening,744,7,18,20,88.03273502188908,5,2,No
1937,54,Male,Night,607,14,34,34,95.4581965569634,4,1,No
1938,22,Male,Evening,913,10,25,39,96.65926341509552,5,3,No
1939,36,Male,Evening,1035,8,45,2,84.51549910099669,5,3,No
1940,31,Male,Night,1191,6,6,24,91.85267461898314,4,5,No
1941,43,Female,Night,985,12,21,37,79.49363729600373,3,4,No
1942,21,Male,Evening,565,1,6,19,80.26559217275972,2,1,No
1943,42,Male,Night,421,7,32,33,75.83390557546942,2,3,Yes
1944,59,Male,Evening,553,6,41,20,86.85844329979719,1,5,No
1945,42,Male,Evening,838,11,48,22,79.43692452782096,1,1,Yes
1946,35,Male,Night,694,18,43,5,72.53112689315515,1,4,Yes
1947,57,Female,Morning,618,6,39,12,90.55018259989536,2,3,No
1948,25,Male,Night,1068,9,31,22,91.23259622816195,3,3,No
1949,56,Male,Morning,894,15,42,8,80.79977256337173,2,3,Yes
1950,57,Male,Evening,629,2,10,16,72.30170198368069,2,1,No
1951,31,Male,Evening,419,9,30,1,82.78893152210279,2,1,No
1952,49,Male,Morning,952,5,18,18,83.27006374150646,2,1,No
1953,55,Male,Evening,547,17,24,18,90.06012654693679,3,1,No
1954,50,Male,Morning,507,17,9,6,79.4624917377605,1,5,Yes
1955,40,Male,Morning,802,4,31,19,90.47797839343916,5,2,No
1956,32,Male,Evening,995,6,15,8,96.14465625272165,1,5,No
1957,50,Male,Morning,882,1,4,16,77.124581270866,1,3,No
1958,42,Female,Night,766,10,40,26,99.367586683597,5,5,No
1959,34,Female,Night,813,12,9,1,81.5910441141042,2,4,Yes
1960,50,Female,Evening,708,4,45,35,78.01776055441185,3,1,No
1961,19,Male,Evening,533,5,9,18,82.64533547530871,3,4,No
1962,31,Male,Morning,1118,13,26,16,72.83192427711577,1,4,Yes
1963,57,Male,Morning,682,11,4,4,73.77117719536346,5,3,No
1964,57,Male,Morning,1177,3,17,38,82.43302140904994,4,1,No
1965,56,Male,Morning,472,5,16,17,92.873335658173,2,4,No
1966,23,Male,Night,880,9,15,6,97.00936718723473,1,3,No
1967,23,Male,Night,751,17,35,16,89.94453972148813,3,1,Yes
1968,20,Female,Evening,959,14,5,38,73.1565866571451,5,2,No
1969,24,Male,Morning,725,7,5,35,90.16059286541605,5,3,No
1970,25,Male,Morning,1144,8,20,39,89.06283762108916,1,5,No
1971,59,Male,Evening,842,4,15,3,94.17291754879994,4,1,No
1972,32,Female,Morning,499,9,18,37,94.75745999956543,3,4,No
1973,46,Male,Morning,458,19,47,24,96.04609227336937,1,4,Yes
1974,50,Male,Morning,907,5,2,4,82.42394543737295,4,5,No
1975,47,Male,Morning,657,15,29,29,90.93593186056432,5,5,No
1976,56,Male,Morning,812,2,13,11,78.04751076766932,2,4,No
1977,44,Male,Evening,851,9,4,3,99.98008839950512,3,1,No
1978,53,Female,Morning,464,10,42,23,75.26002724130579,3,3,No
1979,46,Male,Evening,994,10,45,28,70.30343294982508,4,5,No
1980,55,Male,Morning,553,16,10,8,74.46426143554528,1,5,Yes
1981,50,Male,Night,665,3,31,3,93.2761686863238,5,5,No
1982,54,Male,Night,478,3,41,23,83.40351029524635,4,2,No
1983,44,Male,Night,714,16,8,13,83.42500743431285,2,1,Yes
1984,50,Male,Night,1061,8,3,4,98.65068758835005,2,1,No
1985,21,Male,Evening,959,18,48,17,97.58904724084223,2,1,Yes
1986,39,Male,Evening,647,4,46,18,79.33584213412027,4,1,No
1987,19,Male,Morning,1189,5,9,11,76.27174386342598,5,1,No
1988,27,Male,Night,1009,2,30,17,95.45446629801219,3,4,No
1989,22,Male,Evening,813,0,11,16,97.18057213133089,1,5,No
1990,27,Female,Morning,424,19,35,29,86.24790768395461,3,4,No
1991,50,Male,Morning,683,15,37,23,88.88271133351302,5,2,No
1992,55,Male,Evening,848,10,42,10,77.7074285407688,3,3,No
1993,30,Female,Night,700,12,13,34,94.02408063935573,4,5,No
1994,48,Male,Morning,467,9,36,22,88.9636728534707,2,2,No
1995,53,Female,Night,406,2,13,16,85.1054053389399,5,4,No
1996,41,Male,Night,536,8,12,0,71.80325668235187,5,3,No
1997,32,Female,Night,563,11,37,14,97.47804887533461,3,2,No
1998,46,Male,Morning,482,13,10,31,88.46354261153218,4,3,No
1999,25,Male,Night,1049,0,9,8,75.78073284078904,3,2,No
2000,22,Male,Morning,819,17,7,14,88.19158350949158,3,4,No
